projeto,tecnico,amostra,pct_retido_200,pct_pedregulho_coarse,pct_areia_coarse,LL,LP,NP,Cu,Cc,D10,D30,D60,organico,turfa
Demo,Equipe,GW,97,70.0,30.0,,,True,8.0,2.0,,,,False,False
Demo,Equipe,GP,96,60.0,40.0,,,True,2.0,0.6,,,,False,False
Demo,Equipe,GM,75,60.0,40.0,40.0,27.0,False,,,,,,False,False
Demo,Equipe,GC,75,60.0,40.0,40.0,20.0,False,,,,,,False,False
Demo,Equipe,SW,97,30.0,70.0,,,True,,,0.1,0.3,0.9,False,False
Demo,Equipe,SP,96,30.0,70.0,,,True,3.0,0.8,,,,False,False
Demo,Equipe,SM,75,30.0,70.0,40.0,27.0,False,,,,,,False,False
Demo,Equipe,SC,75,30.0,70.0,40.0,20.0,False,,,,,,False,False
Demo,Equipe,SW-SC,92,30.0,70.0,30.0,15.0,False,7.0,2.0,,,,False,False
Demo,Equipe,SM-SC,70,30.0,70.0,25.0,19.0,False,,,,,,False,False
Demo,Equipe,ML,30,,,35.0,25.0,False,,,,,,False,False
Demo,Equipe,CL,30,,,35.0,22.0,False,,,,,,False,False
Demo,Equipe,ML-CL,30,,,25.0,19.0,False,,,,,,False,False
Demo,Equipe,OL,30,,,35.0,25.0,False,,,,,,True,False
Demo,Equipe,MH,30,,,70.0,40.0,False,,,,,,False,False
Demo,Equipe,CH,30,,,70.0,25.0,False,,,,,,False,False
Demo,Equipe,OH,30,,,60.0,35.0,False,,,,,,True,False
Demo,Equipe,PT,10,,,150.0,50.0,False,,,,,,True,True
